movie_id,title,genre,release_year,duration_min,language,rating
1,Raise create,Comedy,1999,115,Hindi,5.5
2,Tend product art,Sci-Fi,2005,164,Korean,3.8
3,International way,Thriller,2018,85,French,7.5
4,Picture either run,Sci-Fi,2012,141,English,3.9
5,Western sure security,Drama,2012,115,Spanish,9.4
6,Likely,Action,2018,136,Korean,3.2
7,Serious bad performance,Drama,2012,87,English,5.3
8,Without,Romance,2015,141,Korean,3.9
9,Nearly laugh never,Comedy,2022,158,English,4.1
10,Meeting house,Action,1991,148,Hindi,8.6
11,Leave hand time,Comedy,2016,90,Korean,3.3
12,Down expert bar,Horror,1999,122,Hindi,4.7
13,Fire church region fight,Comedy,2024,80,English,7.5
14,Bank purpose,Sci-Fi,1995,92,Spanish,4.6
15,Us phone always learn,Romance,1997,153,French,8.7
16,Difference back,Drama,2001,119,Hindi,4.0
17,Water billion environment,Action,2006,99,French,5.6
18,Herself exist opportunity,Horror,1997,169,Korean,9.4
19,Them perhaps walk,Thriller,2002,77,Hindi,8.0
20,Any learn so,Sci-Fi,1993,113,French,7.6
21,Bed main,Romance,2024,63,Spanish,4.5
22,Home above hour,Horror,2004,80,French,6.4
23,In feeling individual,Romance,2016,179,Hindi,8.0
24,Health call ok,Sci-Fi,2019,174,Korean,6.3
25,Suffer name,Horror,1999,71,Spanish,7.7
26,Purpose score,Drama,2010,146,English,7.2
27,Summer all loss,Thriller,2018,178,Spanish,3.8
28,With present century,Romance,2020,151,Hindi,8.6
29,Fire,Thriller,2024,168,English,6.9
30,Sister catch generation,Action,2006,99,Spanish,6.0
31,Beat cut,Thriller,2000,107,French,8.5
32,Manage mouth,Sci-Fi,2017,147,English,9.4
33,Popular candidate customer,Drama,2018,93,English,4.3
34,Lay last,Drama,2022,177,English,4.7
35,Read soon early,Thriller,2004,62,Korean,5.1
36,Fly back,Documentary,2003,76,Hindi,5.5
37,Style step,Drama,1994,128,Spanish,5.5
38,Catch what,Documentary,1997,100,French,7.6
39,Evening series miss,Drama,2014,133,English,6.7
40,Than mention father,Horror,2004,151,Spanish,3.2
41,Amount career issue subject,Horror,2014,123,Hindi,3.7
42,Part room others,Thriller,2017,64,French,4.4
43,Them fine loss,Horror,1990,168,Hindi,4.8
44,Research history hope,Horror,2013,68,Korean,3.1
45,Memory him deep,Drama,2011,158,Spanish,8.5
46,Protect sea,Comedy,1998,149,French,4.4
47,Return southern,Documentary,2004,87,Spanish,3.6
48,Street four,Action,2016,123,French,5.4
49,Strategy factor,Action,1994,129,Spanish,6.0
50,Simply land baby,Action,1994,103,Hindi,6.9
51,Opportunity way,Sci-Fi,1999,162,Korean,9.6
52,Find choose learn,Drama,2013,79,Korean,3.4
53,Always class particular,Documentary,2002,106,French,9.4
54,Direction contain,Horror,2023,91,Hindi,4.9
55,High suggest,Drama,1995,176,French,8.8
56,Decision sell,Comedy,1995,61,Spanish,3.2
57,Week me,Drama,1997,178,Korean,5.2
58,Claim upon,Action,2019,138,French,4.6
59,Find,Romance,2022,73,English,3.2
60,Our modern,Drama,1999,145,Spanish,8.2
61,Everything require after,Drama,2023,61,French,6.5
62,Ten control,Thriller,2018,179,French,4.0
63,Bar see black,Action,2015,73,French,7.5
64,Two cut direction,Documentary,2022,73,Spanish,6.1
65,Himself development eye,Thriller,2022,165,Korean,3.3
66,Expert factor,Comedy,1991,173,Spanish,9.5
67,Worker call special,Documentary,1992,105,French,5.4
68,Home owner stock them,Sci-Fi,1999,156,Hindi,5.4
69,Bit about,Action,2008,85,English,4.6
70,Share four,Drama,2019,140,English,9.4
71,Down ever,Thriller,2004,140,Spanish,5.3
72,Tend range this,Documentary,1997,86,Spanish,3.6
73,Station wrong,Horror,2014,117,Hindi,9.8
74,They Republican nature,Documentary,2020,176,Hindi,4.5
75,Officer memory,Documentary,2006,141,English,8.4
76,Board information,Horror,1995,169,Hindi,5.1
77,Baby growth price job,Documentary,2013,154,Hindi,3.9
78,Federal investment face,Romance,2018,149,Korean,3.7
79,Stock,Romance,2011,145,French,8.5
80,Large speech thank,Action,2019,161,Korean,4.5
81,Night reflect set,Drama,2002,159,French,8.8
82,Nation,Documentary,2007,61,Spanish,7.6
83,Get such door,Drama,2016,177,French,3.5
84,Go to,Documentary,2011,130,Hindi,9.2
85,Why but,Thriller,1992,137,English,3.5
86,A art science,Documentary,2021,95,Hindi,3.0
87,Turn include,Horror,2018,101,English,4.6
88,Medical,Documentary,2010,117,Hindi,3.1
89,North collection,Comedy,2021,157,Hindi,3.6
90,Board democratic business,Drama,2022,158,English,5.9
91,Answer,Sci-Fi,2003,68,English,3.7
92,Chance without,Horror,2015,71,French,3.7
93,View value,Thriller,2020,93,Korean,7.7
94,Some can project,Sci-Fi,2019,163,French,8.1
95,Attorney bit structure,Comedy,2018,106,French,5.6
96,Require with,Comedy,1998,82,Spanish,6.7
97,Interview up whatever,Action,2018,113,Hindi,6.5
98,Two summer address either,Romance,2013,157,Korean,7.2
99,That color,Comedy,1991,179,Korean,8.0
100,Safe those character,Horror,2019,119,Korean,9.4
101,Become responsibility table,Drama,1990,124,Korean,8.6
102,Rather skin,Romance,2022,170,French,8.2
103,Anything argue per administration,Comedy,2022,140,English,9.5
104,Song trade cover,Sci-Fi,1995,157,French,3.5
105,Family others,Horror,2020,129,French,4.8
106,Medical step reality stuff,Drama,2014,152,Hindi,3.3
107,Place particularly raise,Sci-Fi,2001,147,Hindi,6.3
108,His spend hard,Documentary,2021,175,Spanish,8.3
109,Tax another,Action,2003,78,Hindi,4.6
110,Different middle,Documentary,2001,95,Korean,6.0
111,Must late yard actually,Action,2015,146,Spanish,6.6
112,Appear bit TV,Romance,1990,174,French,3.2
113,Couple side stay,Drama,1992,165,English,6.0
114,Movement article stay,Sci-Fi,2003,60,English,9.0
115,Loss also whom argue,Horror,1992,87,French,9.7
116,Imagine account,Action,2024,110,Hindi,9.6
117,Heavy address you,Drama,2014,179,French,9.6
118,Material,Action,1990,113,Hindi,6.9
119,Help tree,Sci-Fi,1994,133,Hindi,4.8
120,Huge list,Romance,1992,141,French,4.7
121,Prove red,Drama,1997,178,English,5.3
122,Page education,Horror,1991,150,Hindi,4.1
123,Artist white,Action,1991,113,Hindi,8.7
124,Model save word,Comedy,1991,159,Hindi,9.7
125,Figure fight,Romance,1993,176,Spanish,8.9
126,Affect population point,Action,2002,98,English,5.4
127,Soon conference piece,Romance,2007,123,French,4.5
128,Few where,Documentary,2002,128,Spanish,4.9
129,Trade white,Romance,1999,94,English,8.4
130,Explain yeah,Drama,2006,87,Korean,6.2
131,Most weight so,Romance,2018,65,Korean,5.8
132,History right,Sci-Fi,2015,177,English,4.7
133,Create term sport,Documentary,1996,125,Hindi,8.5
134,Mean month,Thriller,2006,153,Spanish,8.9
135,Dog than,Drama,2001,81,Korean,7.5
136,Allow keep best,Drama,2004,131,Spanish,5.9
137,Must recently,Horror,2018,144,English,9.6
138,Site front,Sci-Fi,2023,91,Korean,7.6
139,Pick door know,Action,1998,127,Korean,6.3
140,Bad shake social,Thriller,2021,67,French,5.5
141,Feel well player,Horror,2020,111,Spanish,8.0
142,Central right,Comedy,2020,169,Korean,3.6
143,For value thank,Comedy,2007,98,French,7.3
144,Ask dream,Romance,2003,61,Hindi,4.5
145,Consider national avoid,Action,1999,147,French,8.8
146,Stuff,Sci-Fi,2017,60,French,8.7
147,According defense,Romance,1995,91,Spanish,3.9
148,Plant quality make fill,Documentary,1998,90,Korean,4.6
149,Born entire,Documentary,2017,163,Hindi,3.5
150,Face evening meeting,Action,2008,128,French,3.8
151,Ready reflect,Horror,2024,149,French,7.4
152,Machine heart just,Thriller,2001,82,French,7.5
153,Form wife,Documentary,2017,161,Korean,7.7
154,Main television,Documentary,2020,90,French,7.4
155,Author require,Thriller,1993,160,English,5.8
156,Size activity into,Drama,1993,127,English,6.6
157,Late exist,Drama,2002,170,Hindi,4.8
158,Bad fast,Romance,2005,137,Hindi,9.5
159,Degree,Romance,1998,112,Korean,8.8
160,Discuss hot man,Horror,2006,160,Hindi,6.1
161,Stay yard,Thriller,2024,62,Hindi,3.9
162,Democrat their system realize,Action,2015,179,Hindi,5.1
163,Buy for,Action,1992,72,English,3.7
164,Campaign soldier ability eat,Documentary,1996,85,Korean,4.5
165,Force peace,Action,2015,92,French,6.4
166,Own author when event,Thriller,2004,107,Korean,3.3
167,Once score focus,Drama,2022,147,Spanish,7.5
168,Old partner,Drama,2000,62,French,3.7
169,Western,Drama,2017,79,English,4.7
170,News tonight better whose,Sci-Fi,2011,119,French,8.7
171,Although,Action,1990,154,Korean,4.1
172,Single,Romance,1999,136,Korean,5.4
173,Sport,Horror,2003,80,French,8.6
174,Tree,Drama,1991,125,French,4.9
175,Really resource,Documentary,1991,109,Hindi,6.3
176,Past message,Documentary,2002,107,Hindi,3.3
177,Mrs,Drama,2019,175,French,5.5
178,Past better,Documentary,2010,60,English,9.6
179,Late toward century,Drama,2007,108,French,9.1
180,Team,Documentary,1992,121,English,8.9
181,Resource think,Drama,2012,107,Hindi,4.6
182,Market tell world,Sci-Fi,2001,101,Korean,8.0
183,Citizen join his,Thriller,1991,82,Hindi,6.4
184,Charge vote,Documentary,2014,73,Spanish,3.1
185,Notice large,Drama,1994,128,English,5.9
186,Enter performance,Action,1997,78,Hindi,5.7
187,Project difficult,Comedy,1995,156,Spanish,8.9
188,Push collection,Comedy,1999,106,French,7.2
189,Source employee professor,Action,1998,120,English,7.8
190,Arrive,Drama,2024,118,Hindi,9.2
191,Main most,Sci-Fi,2010,73,Korean,3.5
192,Laugh receive,Romance,2005,121,English,7.1
193,Foreign learn,Documentary,2004,120,Korean,5.1
194,Play style senior,Drama,1996,100,Spanish,6.7
195,Let,Comedy,2013,76,Hindi,3.9
196,Magazine heavy,Comedy,2005,159,Spanish,8.2
197,Property why,Action,2011,147,Spanish,4.5
198,Rise sport,Documentary,2024,159,French,8.1
199,Imagine past,Documentary,2012,96,English,6.5
200,First window by,Thriller,1996,65,Spanish,6.9
201,Building level,Horror,2000,73,Spanish,6.9
202,Could subject accept,Action,2004,156,Hindi,3.6
203,Message customer,Sci-Fi,1992,167,French,4.6
204,Care work,Horror,1997,162,French,5.0
205,Seven it surface year,Comedy,1998,101,Spanish,6.9
206,New toward six,Sci-Fi,2007,147,Hindi,4.4
207,Them too,Horror,2016,180,English,7.3
208,Financial,Documentary,2014,110,Korean,3.6
209,Arm bar,Documentary,2009,74,French,7.6
210,Then discover join indeed,Comedy,1990,177,Hindi,7.3
211,Beat dark war,Horror,2005,176,Korean,5.2
212,Draw chance,Action,1996,147,Hindi,8.1
213,Seven ever executive,Action,2006,110,English,8.5
214,Away discover system,Documentary,2017,65,Spanish,7.8
215,Staff piece,Comedy,1992,163,Korean,8.1
216,Significant,Documentary,2016,133,Hindi,7.7
217,Third tonight happen until,Sci-Fi,2005,148,Korean,4.0
218,Yard fish although thus,Documentary,1996,104,Spanish,7.4
219,Check character out,Horror,2023,136,English,7.5
220,Something sister,Documentary,2022,77,Spanish,4.7
221,Single color night,Action,1998,91,Hindi,9.7
222,Song attack,Sci-Fi,2014,84,French,6.3
223,Nature human,Thriller,1994,121,Hindi,8.2
224,Mission those miss,Comedy,2003,128,French,5.8
225,Provide process want,Documentary,1993,137,Hindi,9.4
226,Green feeling resource,Action,2006,172,French,5.1
227,Too particular,Drama,2001,151,French,9.7
228,Admit source strategy,Drama,2013,129,French,3.7
229,Tax space quite,Sci-Fi,2008,111,French,6.3
230,Walk let,Horror,1995,88,French,9.3
231,Near sport,Drama,2023,100,Spanish,3.5
232,Black admit,Comedy,2018,68,Hindi,8.1
233,Option,Romance,1990,128,English,6.2
234,Former decision into,Documentary,1999,131,Spanish,6.7
235,Skill require management,Sci-Fi,1995,77,French,5.6
236,Sell single hit,Documentary,1998,91,Korean,3.7
237,Lead return night,Romance,1995,96,Korean,6.3
238,Economic thousand,Action,2021,161,English,7.8
239,Theory can law,Thriller,2008,121,Hindi,7.3
240,Soldier mention,Sci-Fi,2023,142,French,5.8
241,Person between,Thriller,2005,175,Spanish,6.9
242,Character general,Horror,2005,105,French,6.6
243,Score police technology,Documentary,2005,156,French,6.6
244,Rate letter many,Documentary,2021,90,English,5.1
245,Share party adult,Comedy,2020,153,Spanish,9.7
246,Though find soon type,Comedy,2006,140,Hindi,4.4
247,Rule civil,Comedy,2019,90,Korean,5.9
248,Sense friend responsibility,Romance,2021,176,Korean,7.8
249,Learn represent cell,Documentary,2000,124,French,4.0
250,Middle owner style,Action,2009,169,Hindi,8.0
251,Choose,Documentary,1993,119,English,5.5
252,Voice hold lead follow,Horror,2020,158,English,9.1
253,Say rule,Drama,2019,75,French,9.4
254,Science development,Documentary,1997,143,Hindi,3.4
255,Myself just act,Documentary,2014,64,French,9.4
256,Military send speak before,Comedy,1990,150,English,7.9
257,Maybe vote,Romance,1996,72,English,7.8
258,Music here long PM,Documentary,1997,84,English,6.6
259,Protect continue point,Sci-Fi,2000,180,Korean,9.2
260,Half audience conference,Comedy,1999,174,French,4.2
261,Anything consumer police,Drama,2007,131,Korean,8.9
262,West notice,Romance,2019,152,French,6.8
263,Government,Thriller,2006,66,English,9.0
264,Friend wait,Sci-Fi,2017,66,Spanish,5.0
265,Itself example science,Thriller,1994,122,Hindi,6.6
266,Need while sit,Comedy,2005,166,French,7.7
267,Without huge all,Sci-Fi,2016,174,Spanish,7.1
268,Fall toward scene support,Drama,2022,80,Spanish,7.7
269,Notice beyond,Sci-Fi,2005,145,Hindi,5.7
270,Fly,Comedy,2017,83,French,3.7
271,Condition believe treatment,Action,1997,144,Hindi,4.3
272,Case society,Horror,1999,107,Spanish,7.3
273,Herself option,Romance,2006,159,Spanish,8.9
274,Focus throughout surface,Thriller,2005,179,French,3.6
275,Loss,Documentary,2018,64,French,3.4
276,Ready six,Action,1996,165,French,4.8
277,Expert south wind,Sci-Fi,2007,83,Korean,8.4
278,Expect south husband,Romance,2024,147,Korean,4.5
279,Especially after national company,Sci-Fi,2013,152,Hindi,5.6
280,Any travel,Horror,1994,148,English,6.1
281,Wear themselves,Thriller,2013,178,Hindi,7.6
282,Measure majority expert,Romance,2020,93,Korean,4.7
283,Do also religious,Action,2013,148,Spanish,9.6
284,Few live,Drama,2015,164,French,8.7
285,Situation technology,Documentary,2016,66,English,5.5
286,Tonight this former,Action,2008,80,English,4.7
287,Term,Documentary,2001,140,English,8.6
288,That little,Comedy,2012,137,Hindi,3.7
289,Play government,Documentary,2014,132,Hindi,5.5
290,Commercial concern current,Horror,2019,107,Hindi,4.8
291,Successful whom concern,Romance,2017,142,Korean,7.2
292,Day cost theory white,Romance,1998,66,Spanish,6.1
293,Bad member fund,Documentary,2005,75,French,9.5
294,Well number,Horror,2021,113,Hindi,5.7
295,Order,Drama,1992,90,English,4.7
296,Accept oil society,Thriller,2013,131,Spanish,7.2
297,Reveal system,Comedy,2008,103,Hindi,9.5
298,Purpose garden,Documentary,2010,75,Spanish,4.0
299,Company impact,Sci-Fi,2021,117,English,5.5
300,Provide,Sci-Fi,2021,180,English,5.8
