review_id,user_id,movie_id,rating,comment,review_date
1,62,210,7,War than drug heavy conference. Anyone bar camera office century toward push.,2023-10-30
2,4,182,5,Loss process bed us operation. Fly old hit wish. Attorney data pattern admit I tonight baby.,2025-02-28
3,146,49,1,Free nature perhaps fact. Rise truth although stuff note.,2023-11-15
4,17,126,7,Table sea base nor hundred today item. College easy know bar.,2024-03-08
5,142,54,8,Happen drug series clear. Method amount she degree also.,2024-01-01
6,23,299,8,"Pay support protect.
Church account key leg have only. Parent then fine time for.",2025-02-06
7,87,236,8,Key prevent other forget. Arm keep seek cold property according project red.,2024-08-26
8,29,287,9,Election rich finally sense this. Still system better arrive son.,2024-06-18
9,1,12,1,Which city gas election near. Far art fund perform.,2025-01-12
10,106,237,9,"Argue however rest service everybody. Rather worker attack.
Reason song author piece why.",2025-03-21
11,153,159,1,Music evidence never gas member. Figure until happy executive spend position dark great.,2023-07-27
12,61,288,8,College late energy process. Best wonder property bank very would three.,2023-10-02
13,2,227,6,Mr perform will child worry happen believe perhaps. Too officer pull.,2023-07-13
14,10,141,1,Little lay always carry avoid. Meet nothing single around ready evidence. Best plan decision.,2024-08-22
15,104,255,3,Need money head feeling bit card recently.,2023-09-23
16,161,276,7,Born artist eight job ground him. Job low rise certainly hit. Support at poor enter foreign.,2024-10-17
17,104,76,10,Stage rule watch respond mother decade ball writer. Structure field Congress grow require small.,2024-11-01
18,89,3,6,Charge oil citizen. Discussion personal report small performance thank. Carry let marriage west.,2023-12-10
19,8,226,1,Some order need term shake. Step fish seem line. Not church set discuss TV.,2023-08-03
20,29,142,5,Culture what employee power. Really medical end too whom benefit recognize. Yourself too more talk.,2024-10-23
21,17,251,4,Edge them begin stuff whole list response.,2024-09-03
22,13,49,1,Forward miss meet see career court. Anyone imagine player cost money scientist.,2023-11-10
23,179,249,5,Sound benefit say employee senior. Land tell human clear him record use.,2025-02-11
24,97,59,1,Physical while six these. Congress also meet Republican.,2023-05-24
25,152,161,3,"Very option dinner. Soldier yourself set save single fast.
Bag room thought peace minute here.",2025-01-28
26,99,292,6,Door PM girl.,2025-04-19
27,51,47,10,Huge buy truth meet. Option build one hope.,2023-06-11
28,94,72,3,Near well bag who yourself bed.,2025-02-05
29,188,43,7,Billion main impact reality tell sometimes class.,2025-03-19
30,110,256,3,"Mrs require door window interesting natural with.
Sign value need put much rate.",2023-06-01
31,90,220,5,Sea food throw protect economic themselves. Name blood yes inside season at interview.,2023-10-01
32,6,72,9,Administration responsibility project admit. City common available.,2024-06-03
33,59,26,1,Continue resource agree anyone forget oil. Store often coach into find top.,2025-01-07
34,137,11,2,Recently more eye might. They across accept. Whole require process international difference summer.,2024-06-26
35,115,244,9,Space finally American sport science. Bit hand little physical.,2024-03-26
36,132,82,6,Decision drug idea himself. East letter environment significant participant amount.,2025-01-06
37,21,19,5,Lot kid deep level maintain stand future. Test relate commercial action fill.,2024-03-23
38,17,16,7,Loss imagine do prove car. Much where wait never plan hospital art.,2023-09-23
39,72,132,5,Power speak method vote officer. Exist would sort him early.,2024-07-15
40,178,277,1,Guess attention training yes. Nice market PM top gun lot. Daughter see outside view enter.,2024-07-23
41,129,44,8,"Then customer deal outside. Whole town well light bit.
But available across account beat left.",2024-09-17
42,101,229,7,Everything exactly opportunity. Couple soldier whom evening modern beyond.,2024-02-16
43,5,295,3,Dog artist pass place bill a simple. Assume such strong over soon positive raise smile.,2024-05-13
44,140,73,7,When notice head young affect other dinner party. Almost say unit too while.,2023-11-22
45,139,216,1,Quite about stand. Test rate much. Fast prevent station pattern law space may task.,2024-11-21
46,120,100,10,Stop tell edge. Work certainly remain against lose man.,2023-11-20
47,144,193,8,Sea least maybe respond. Month worry clearly always today speak body.,2024-12-21
48,20,93,6,Since let body guy half receive wish. Paper peace soldier physical under discuss argue production.,2024-08-16
49,147,33,2,Letter wall million yeah section material popular. Design try may reason gas beyond.,2025-03-29
50,82,112,8,High ball recent so agreement. Half team fund behavior forget often.,2023-09-24
51,195,243,8,Understand move school heavy.,2024-09-04
52,67,124,2,No leg usually need sound. Huge second ahead manager. Eat once sense ability American with.,2023-08-21
53,186,59,4,Today affect range interview where. Particularly dark performance impact.,2023-09-20
54,102,101,6,Scientist field interview event employee purpose. Follow audience country why almost get.,2024-07-17
55,200,258,2,Onto very region identify conference now total.,2024-11-08
56,156,174,7,Nothing deal staff space history. Tv foreign news grow as there shoulder.,2024-02-20
57,15,297,8,Action require free college quickly least ready.,2024-06-06
58,43,163,1,News operation customer born class find entire. Or wonder into career general.,2024-09-23
59,66,254,3,Shake drop physical light full wide music. Mother agency newspaper actually medical court kind.,2023-06-17
60,159,242,9,Upon your friend raise mention really. Generation arm all paper.,2025-04-16
61,55,277,9,As west address situation argue play. Clearly international particular.,2024-04-29
62,88,218,2,International individual consider practice about such.,2024-09-24
63,76,70,1,Behind cut teacher. Carry fly something push control majority myself.,2024-01-04
64,142,153,5,Deal west quite red industry. Fund seek knowledge official.,2024-10-11
65,34,280,8,"Talk box ok set walk.
Heavy music mention community various need citizen. Which beat reflect it.",2024-11-22
66,135,104,6,Country decision floor compare enjoy be mention discussion. Area high their cultural.,2023-09-28
67,61,144,3,President east up system. Soon project quickly. Opportunity size ready blood at cell.,2025-05-09
68,155,219,10,Change plant but course. Their wife year approach. Forget task place.,2024-08-05
69,5,218,10,"Hear training compare.
Rule opportunity return top food. Much art already early class air southern.",2025-01-05
70,193,12,1,Yourself medical anything important. Above idea bag some him help tough. Admit second near.,2023-07-17
71,67,10,7,Mrs talk miss name owner make daughter. True young few national.,2023-05-23
72,81,113,2,Million hear from task guess themselves product. Drug today keep stay activity where.,2024-11-17
73,195,136,7,Week huge white note. Hit purpose claim likely gas road. Huge bad gas commercial particularly.,2025-02-07
74,155,113,2,Director sense sound despite then.,2025-03-09
75,139,103,1,Fact particularly meet explain popular check. Series imagine foot someone beautiful short.,2025-03-13
76,7,91,7,Expect try community work him kitchen our. Time may tonight coach begin.,2025-05-09
77,155,281,4,Morning wind dog property late. Entire student address address pretty. Wide picture work education.,2025-01-30
78,193,90,2,Dream stock positive when. Decide material easy three visit someone.,2023-11-11
79,163,195,6,Science really agent that take note.,2025-05-14
80,150,218,7,Citizen his meeting anything remain girl whom. South writer adult main left simply from.,2025-02-20
81,135,20,4,Think everyone civil water receive. Accept toward quickly develop position offer enjoy.,2023-10-30
82,142,128,7,Hair point life partner support develop her option. Sea popular real off agency.,2023-12-11
83,40,251,4,Else meet from nice. Common save thing explain. Tv special us.,2024-06-11
84,169,9,4,Medical dog major change first peace possible. Fill ground rest cover.,2024-03-13
85,89,272,1,Onto audience piece throughout general reduce amount.,2024-11-17
86,140,123,2,Different here certainly may Democrat beat. Sort sister light.,2024-11-10
87,159,194,8,On law manager question fill task. Sure institution at ball both nature her.,2024-08-08
88,117,147,5,Great carry well book. And mean husband. Every treatment later ahead few hand.,2024-09-20
89,98,273,2,Tend future color easy among water adult American. Increase result history.,2025-04-08
90,112,156,6,Foot act may throw always long. Stand point begin entire.,2023-11-16
91,98,189,4,"Example base central hear image. Tonight pretty send alone.
Story detail treat.",2024-11-24
92,48,271,7,Compare radio eye condition. Then subject never. Home system safe card finally.,2024-11-24
93,22,220,7,Fight town natural all environment. Girl voice it current citizen.,2023-05-25
94,45,79,8,Day wide edge everybody claim property pull.,2024-10-20
95,103,99,3,Hard however attack. Drive take discuss tax.,2025-01-03
96,27,161,9,Save space figure modern against. Special be easy.,2023-08-26
97,182,216,4,May research old suggest assume two. Happen join business however bar population.,2023-09-27
98,182,174,7,Pull energy write. Story money marriage rise almost visit.,2024-08-27
99,36,252,1,Policy plant friend resource office when show. Attack have someone theory through.,2023-10-24
100,74,105,6,"Ball modern however night.
Those garden baby military clearly national traditional.",2024-07-03
101,129,261,5,Continue guy measure sit author only spring court. Stop window size space.,2025-01-17
102,81,59,4,Dark development power eye position employee bill. Space fish power region maybe no stop.,2025-02-01
103,5,21,5,Parent wrong entire decision standard chance.,2025-05-10
104,11,156,4,Wear sport this true during figure voice. Way out court hundred. Leader form drug project.,2025-01-22
105,192,297,3,Charge side staff face north benefit international. Give stuff community friend after sure.,2024-03-13
106,33,299,10,Spring movement specific security gas road along. Instead home rise happen.,2025-03-23
107,60,237,7,Ever special letter yard. Thus white evening.,2024-01-08
108,9,145,8,People boy option owner. Result traditional also cold perhaps onto. Most share represent event.,2024-03-25
109,147,83,7,Debate research send both girl stop some. Necessary help authority my.,2024-07-09
110,99,57,10,Clear begin decision successful fact. Score list candidate. Entire letter physical work statement.,2024-06-16
111,100,23,7,Simple claim eat throw. Need sister computer television line bring tough.,2023-07-21
112,151,268,7,Dinner order offer bag prove. Kitchen relate positive now its service. Assume after management.,2023-12-20
113,121,190,6,Top for be than. Kind research art tough statement idea management. Dark case impact big myself.,2024-12-29
114,93,263,2,Find add share. Cause program stand would product also. Hair hour feel product charge rate serve.,2025-02-22
115,200,159,8,Knowledge account movie stand. Old bill bed recently represent. Avoid anyone after real radio.,2023-06-07
116,60,93,5,Break sense professor much letter husband simple. Across body garden arm democratic him.,2024-09-16
117,119,231,4,Game common care energy truth. Fact coach apply carry down property any. Avoid her music recognize.,2023-11-28
118,200,56,1,War natural nearly where single tend me tough. Anyone pick real career oil.,2024-03-26
119,25,294,6,Say reveal generation husband do. Thus our eye record even action.,2023-09-30
120,197,161,7,Somebody fly most building question. Discover reach just. Would provide feel Democrat mean.,2024-03-12
121,30,9,10,Next do sea. Myself already human these enough pass good.,2024-05-06
122,21,254,8,Article I why movement daughter available floor. Large forward accept.,2024-05-25
123,198,67,2,Somebody century who join very oil power hand. Artist anything professor church service structure.,2024-11-10
124,75,147,3,Give bag consumer continue bar size. Learn sort few official. Kid let mission once population.,2023-10-20
125,187,293,6,Specific step high agree chair important avoid.,2024-06-09
126,144,271,1,Explain year leader door.,2023-11-27
127,34,5,3,General above bank together less. Candidate party beat one. Such single rock real.,2024-04-29
128,34,228,10,Democratic leader safe perform bad. Tonight send him order out expect.,2024-08-26
129,121,125,7,Put cultural candidate. Garden couple available debate.,2024-12-13
130,78,91,1,Imagine throw stop develop field system serious.,2023-10-28
131,14,101,4,Foot small beat listen tend situation evidence. Edge each population past bank because price.,2025-03-09
132,15,142,5,"Be within benefit. Mean form recently save stand movie.
According top face blood.",2023-10-24
133,63,292,8,Conference pressure body physical section this best. Clearly make choice positive.,2023-07-06
134,118,173,2,Enjoy game then set social well. Wrong these assume full road.,2023-05-24
135,191,261,9,Government compare situation worker page ball. Line next card program.,2023-10-16
136,129,236,8,Recently land term during them wrong within. Role really budget by purpose.,2024-01-25
137,191,124,6,Political affect poor end.,2023-11-28
138,22,189,3,Color head fine many middle similar focus economy.,2024-06-20
139,27,124,5,"Glass their seven base meeting.
Side power trade speak owner film. Meet explain stock nothing.",2023-09-09
140,200,286,2,Body yourself join could bar. First Congress newspaper next.,2025-01-30
141,194,230,2,Anything system world over pass. Situation past yard next. Beat ability within film.,2023-07-21
142,91,203,5,Wide in choice none. Black production simple kitchen plan amount.,2024-11-13
143,4,152,8,Require along Mr sign. General cup turn size where never. Certainly loss fly enjoy professor.,2023-12-20
144,164,197,1,Fish father set. Student money agent interview. Mother analysis in race say.,2023-08-12
145,88,177,8,Much type practice camera.,2023-12-08
146,136,181,1,Their owner far yourself. Clearly red continue mean. Peace rise single tree without second.,2024-01-09
147,174,285,6,Yard begin boy free. Protect toward magazine feel state.,2025-05-04
148,38,234,8,Fire customer trip. Prepare my physical.,2023-05-27
149,13,88,9,Health energy fine wonder goal particularly forward. Despite hope better who place result.,2025-03-27
150,17,282,8,Way half house. Outside interest name customer even mouth.,2024-02-11
151,58,74,1,Third position respond onto sound cut. Everything time event pay side decade senior onto.,2024-12-23
152,161,250,5,For know edge.,2023-09-16
153,200,131,3,Probably everything can natural turn apply.,2025-04-12
154,168,71,6,Tax reality sound decision risk add. Both case next amount conference behind age me.,2023-10-12
155,170,161,4,Yourself six officer hospital name society.,2024-05-17
156,126,223,3,She president newspaper style expert rather. Get reflect little. Third prevent past beautiful.,2024-09-24
157,30,30,3,Strong eight heavy just speech sell. Because unit statement late his include manage.,2024-02-26
158,42,300,6,"Network lay animal measure.
Machine significant three a.",2024-07-23
159,55,208,7,After really reality language. Score visit nation sister art cold to.,2024-08-11
160,87,298,1,Pay lay must out that specific mention. Anything place total.,2024-06-10
161,88,78,1,Nor report free. Actually fire after lead camera child. But tree me morning choice.,2024-04-16
162,164,240,6,Father hear last energy trip. Forward shoulder teacher challenge.,2025-03-04
163,153,276,8,Toward pass Mr past environmental hear. Group anyone environment move.,2024-02-05
164,55,140,8,Community allow receive figure wind beautiful door. Hard expert every son option appear.,2024-02-12
165,71,93,4,Next yes discussion. Science certainly security each top arrive. Media baby Mr various.,2023-07-27
166,30,104,7,"Three that may act bank make.
Great build us can another. Nor here huge hour agree someone.",2023-12-17
167,174,58,7,Science hard ball past art hear. Head various national degree authority present professor.,2023-06-18
168,154,52,5,Point read party this. Someone option because spend whom approach onto.,2023-08-25
169,80,175,5,"Finally tend worry. Heavy mean money somebody.
Between rock movie around.",2024-12-06
170,111,235,5,Five develop election president certain some. Charge any reach week.,2023-08-07
171,45,121,4,Way our eat along official. Choose successful work consider dog mention away.,2024-08-18
172,182,83,5,Once short then although. Party choose check medical. Shake rather available door dinner product.,2023-07-18
173,100,32,1,Strategy and value. Form common actually possible. Myself nature change.,2023-08-10
174,106,220,2,Local deal police. Degree forward must organization.,2024-07-11
175,67,92,3,Keep miss those young.,2024-12-10
176,131,248,5,Where step almost note civil although. Price company possible student thank. Start window outside.,2024-10-01
177,115,6,10,From despite message level. Certainly education kitchen catch.,2024-04-04
178,32,11,5,Item behind heart make everyone health night pay.,2024-04-02
179,143,65,7,The enough TV by onto. Thank way above memory sense brother. These know she top customer.,2024-07-14
180,128,218,4,Big stage goal short hot. Plan decade front oil simple.,2024-11-04
181,45,54,2,Seem forget feel film particularly.,2024-07-31
182,177,289,9,Pass them improve rest. Political line outside continue return rest. Door technology indeed poor.,2024-01-26
183,113,213,7,Skill at conference else worry. Concern knowledge night industry discuss. Again guy nearly.,2023-09-14
184,144,28,4,Lose race where world why.,2023-09-27
185,46,66,9,Single maybe important his usually by personal. Financial south affect.,2023-10-04
186,13,42,4,Fund skill pull describe college politics. Training either front few Mr. Main measure just size.,2024-02-19
187,86,133,1,Appear officer firm what hear art. Late amount them else. Back believe nice wind state.,2023-10-12
188,190,64,10,Nearly pass leader. Song seven fly can way. Begin like health specific agent city.,2023-08-23
189,118,138,7,Budget computer and field since.,2024-01-26
190,144,255,1,Character else may ability season check positive. Can their debate main democratic could.,2024-06-18
191,182,18,7,But system may reduce buy audience career fish. Well series several reality art brother southern.,2024-03-09
192,50,181,10,Success minute like law create show. World serious only spring seat pay produce.,2024-05-26
193,104,28,6,Trial together Democrat rock call.,2024-09-06
194,20,70,2,Executive suggest evidence catch. Friend Republican clearly book. Clear follow entire return.,2025-05-02
195,88,39,4,Unit sport rather image six authority. Ability employee past care at fire.,2023-10-08
196,103,49,3,Wife exist talk age. Clearly whatever finally meeting hear.,2024-02-23
197,5,171,2,Than activity society model thing stuff. Term may debate knowledge.,2023-08-23
198,129,297,9,Property practice bad international give move require. Red rock many fast else go ten.,2024-12-22
199,196,194,6,Scientist seat environment worker often.,2023-08-25
200,179,141,3,Itself prove certainly visit. Practice remember go itself ability trip. Sense put former subject.,2025-03-29
201,134,103,9,Scientist thousand life.,2024-02-21
202,141,292,8,Responsibility strategy nature. Bank because protect plant design.,2024-11-04
203,64,198,3,Minute cut education series go enough. Perform poor if hundred age worry. Present catch show.,2025-01-11
204,137,265,5,Write image reflect former let big. Foreign final young thought but ever.,2024-03-15
205,63,238,10,Radio seem head seek offer experience. Role usually statement perhaps behavior rock.,2025-02-09
206,6,161,5,Figure executive base reveal scientist ability really.,2024-03-17
207,90,134,8,Manage threat let explain. Maintain address always during measure though.,2025-03-04
208,125,223,6,Speech over move piece under century. Night area debate kitchen thus.,2025-02-16
209,129,198,6,Meeting land lawyer agreement cultural position.,2023-07-18
210,162,159,4,Find son onto financial structure including yard. Protect environment manager election conference.,2023-09-02
211,192,52,4,Evidence including side star first. Quality including friend result employee.,2025-02-20
212,185,280,1,Civil thank animal. Fish yourself yourself. Item computer matter different say.,2024-08-16
213,98,205,10,May around my common everyone politics vote. Machine type control bed respond.,2023-09-16
214,172,254,2,However hotel drive team consumer. Ahead occur agent artist prove several.,2024-07-13
215,111,155,5,Spend use song before set road. News treatment parent fish effort argue address.,2024-07-05
216,138,172,10,Wind take interview beautiful culture without. Truth Republican chance least.,2025-04-13
217,156,95,2,Resource seat management above apply standard. Several dinner grow fill coach number blue.,2023-10-12
218,44,33,1,Though senior two religious both. Better official give day.,2024-08-22
219,123,278,4,Vote computer wind condition lay. State keep rich ground continue herself.,2024-04-01
220,29,264,1,Or buy relationship because boy price. Age PM appear high plan whom discover.,2024-12-09
221,14,300,3,Often lead live soldier air everything heart.,2023-09-13
222,195,176,5,Series low hair life tend. Government follow whole charge. Quality decade movement wife.,2023-12-29
223,155,19,6,Central machine toward yeah. Buy happen even key. Computer night president data since thank.,2024-01-08
224,150,221,8,Us hit bank. Eye group politics member administration.,2023-10-25
225,23,245,8,Card reveal cultural capital because few. Message conference try clear key recently.,2024-10-19
226,39,151,4,Explain artist design similar.,2024-10-20
227,198,150,4,Join whole set city important team foreign. Manager miss unit life.,2024-05-19
228,106,149,3,Skin wonder amount month young. Student loss age hotel financial outside country.,2024-02-07
229,171,237,4,Customer probably task scientist. Wind event ten other political crime economy.,2025-04-18
230,162,40,7,Star head brother guy a energy. Similar either reflect western idea wonder beautiful.,2024-07-23
231,14,285,5,Continue third quite light prove. Join happen end so.,2025-04-13
232,76,129,3,Way improve choose argue.,2025-03-07
233,191,58,7,Bank stock herself question support.,2024-11-22
234,129,256,6,"Certainly serve upon measure cultural cost need.
Entire without too hour economy body important.",2024-05-16
235,156,15,5,Food chance class visit such. Report threat what establish. Business worker its often career.,2023-08-28
236,128,220,9,In strategy such team break half. Upon assume open among page.,2024-01-02
237,55,42,8,Health oil although. Before fear age newspaper. Clear girl college against red.,2023-06-28
238,49,9,7,Former church my candidate civil test.,2024-02-08
239,22,55,1,Do project will third station. With wish must beat miss. Place believe rock there very their.,2025-05-08
240,120,4,1,Item sea education crime give stay. Could son loss hope teach.,2025-04-28
241,171,53,9,Bag white blue response actually herself. Heavy house deep method him practice ever.,2024-01-18
242,179,89,7,Another I individual four common agree. Per decide also help.,2023-08-31
243,20,143,5,Evidence dream far despite left media compare. Apply magazine ok step military maybe future.,2024-07-22
244,98,34,4,Economic peace party her. Grow effort land. Yard on already today carry quality much.,2023-06-09
245,183,204,10,Treat dinner manager. Then act because language.,2025-02-19
246,196,147,9,Successful organization particular member. Control evening game office term.,2023-10-10
247,20,168,9,Month minute science military enough beautiful father many. Job fire back bank.,2023-12-13
248,136,187,4,Who speak industry everybody.,2023-11-30
249,19,51,9,Order dream director pick size maybe break red. Successful deep soldier goal wear.,2024-04-04
250,54,237,7,Speech nothing simple account. Fact cost any serious.,2024-08-05
251,146,68,8,Development late week cover they above. Condition hospital artist.,2024-05-17
252,146,158,5,Cell clearly exist challenge. Reach can case performance. Back mean contain hold senior.,2025-04-03
253,172,118,7,"Involve shake president your. Black into position.
Similar positive century baby its clear media.",2024-03-07
254,59,66,3,Card American itself dark major road bring. So by star memory bed tonight choice.,2024-11-24
255,22,47,10,Increase because social there begin. Physical owner help catch manage child. Senior respond line.,2024-11-28
256,38,252,9,Accept police argue usually reach.,2023-09-17
257,158,259,3,Instead young mind moment opportunity arm. Ask likely weight notice fear kitchen war.,2024-01-16
258,156,293,4,Here white late speak describe learn that outside.,2023-06-16
259,149,235,1,Free write dark sort skin. Moment wonder summer quickly who.,2025-03-09
260,111,107,4,Good husband writer machine hold decision. Without else interest section trade eye seven.,2025-03-12
261,170,300,5,Page already hospital practice table. Court hope forward name trip partner.,2023-10-05
262,71,121,5,Perhaps put goal which writer. Discuss enough from. Discover truth sister middle.,2024-02-04
263,116,64,7,Agreement today avoid evening indicate family. Hit miss toward despite minute affect onto artist.,2024-11-24
264,55,113,9,Father someone paper focus their face. Thank former themselves. Call cause money buy.,2023-07-05
265,199,272,10,Your support happy these. Bar significant experience hold. Seat job economic tend.,2023-08-12
266,20,66,8,Point stage himself see late. Appear walk and capital record child bed.,2024-01-25
267,109,268,6,Store from then once. Pay marriage several ready she instead reflect woman.,2025-03-19
268,65,75,7,Magazine life fly significant significant skin.,2024-05-16
269,188,105,10,Quite activity anyone amount let mention. Attorney sense stock.,2023-06-06
270,182,123,1,Life best civil agent range. College again minute option.,2023-06-23
271,77,212,6,Collection offer company director. Hand white beat office. Box above region rest pay.,2023-06-03
272,182,149,5,Require industry institution adult.,2025-01-27
273,161,130,5,Various real seat your near forget. Food network investment bank bed finish bed run.,2025-02-07
274,58,71,2,Miss city big inside into myself father. Action quickly claim miss crime.,2024-11-30
275,93,78,9,It name risk. Relate assume history star practice happy thus. Back people senior threat those born.,2025-03-13
276,124,55,9,Southern ago nice card goal.,2024-09-16
277,130,14,9,Best before sing watch. Lay natural response. Pressure magazine picture war cold she sometimes.,2024-01-12
278,172,55,2,Article stay music drug conference city responsibility. Laugh turn thing.,2025-02-16
279,160,188,6,Huge month spring magazine. Foot since federal seek.,2025-03-16
280,132,202,4,Section far teacher natural stand. Table size through beat computer catch.,2025-05-12
281,183,215,7,Age who movie enjoy trade degree. Wear during bit pay once.,2024-05-09
282,200,181,9,Hold attention green. Star surface vote organization may large mind.,2024-08-17
283,183,165,5,Dark knowledge middle war take course.,2023-05-24
284,57,239,10,Turn animal particularly under fight hundred democratic.,2025-03-16
285,20,260,10,Alone those staff carry know police even. Account live budget ask easy.,2024-03-05
286,51,130,4,Lose sign early. Cultural international world technology thus else show.,2025-03-25
287,119,125,9,Give suggest blue member lot. Blue animal mind marriage indeed phone.,2025-01-12
288,76,18,2,Activity until huge event wall physical. End understand industry bank surface word country.,2024-11-16
289,125,178,7,As modern industry house between.,2024-07-06
290,151,175,6,Enter analysis visit. Enough writer marriage. Traditional rule he.,2025-04-01
291,95,43,1,Guess black reflect we stage these. Moment do tree upon partner.,2024-12-23
292,138,116,7,Mother remain easy they student Republican stand him. To speak market second lead.,2024-10-13
293,54,116,6,Bed some likely visit record. Identify yourself step. Many structure officer family interest.,2023-10-23
294,159,238,5,Tonight base traditional member.,2025-04-24
295,195,275,10,Each alone finish trouble. Understand beat research simply not.,2023-07-10
296,142,148,1,Series cut various despite including house down. War get listen usually fish job people.,2025-01-25
297,65,136,5,Quite never enough area try minute. Music hospital anyone both woman.,2023-06-20
298,47,40,2,Station student scientist hand play both. Old then second measure final many.,2024-08-13
299,140,194,2,Air leave party. Spring bad everyone dream individual fly save. Eye forget its minute.,2024-05-23
300,19,52,3,Color somebody economic. Property expert soon learn gas two receive.,2024-04-04
301,155,1,2,Guess life break top. Speech region some medical. Determine treatment water human.,2024-03-28
302,82,38,4,Store him political nation. By view ability.,2024-07-23
303,172,287,4,Political ask get suggest industry senior himself. Law six although difficult.,2023-06-03
304,192,227,10,Education really statement space. Opportunity ever some wish pretty energy stock.,2023-09-03
305,141,30,6,Performance argue hold the financial. Spring allow treat learn. Rich moment since become media.,2024-12-14
306,60,220,7,End federal just these there bed. Activity spring bed head figure wear.,2023-05-25
307,166,259,6,Before production hold least more hair. Girl part already low tend American change.,2025-05-07
308,136,187,1,Between join part information want north. Evidence before democratic money.,2025-04-23
309,10,195,2,Woman fast another military. Black hard move may debate worker try.,2023-07-31
310,47,289,7,Name just share pay. Heavy statement onto. Look sit project list.,2023-09-14
311,54,90,4,Magazine bar color money quality community. Themselves summer eye. Rise animal house section.,2024-08-16
312,30,177,2,Customer without growth federal. Research board fund it nothing reveal. Man southern boy.,2024-11-27
313,14,79,7,Create material particular item down former. Sea all different social national thousand admit.,2023-12-02
314,36,98,8,Line give determine total stock six area. Still ability happen teacher.,2023-05-25
315,40,67,5,Every there hot call entire wish. Dark interesting card federal president fish.,2023-11-19
316,126,270,6,Officer with election among visit these low. Receive ground pressure business action in.,2025-05-12
317,125,113,10,Political cultural and boy hair. Spend certainly more cold hear.,2024-11-21
318,131,188,5,Old policy laugh test. Prove economic trouble current only player.,2023-12-24
319,74,47,4,Join bit century stuff perhaps standard. Tax enough type side across across.,2024-09-23
320,191,271,9,Last top wind. Energy arrive suddenly behind by similar million.,2024-11-01
321,94,134,7,"Majority minute five together Mr table popular practice.
Boy full cup international.",2025-03-28
322,18,168,10,To choice politics major. Behind size support speech. Today receive mention represent later.,2024-12-23
323,25,291,9,Focus can her today. Activity same customer year however foreign theory.,2024-02-09
324,17,102,6,Range give tax event if strong would. Out defense commercial down collection.,2023-12-12
325,47,45,4,Simple on available. Call discussion half. Rich without protect usually head finally.,2024-10-13
326,193,54,3,Staff remain do interest parent another. Price per trade or ten history he.,2023-12-20
327,94,288,6,Mean describe four hour.,2023-05-27
328,59,67,7,Tree lose form federal possible owner. Bag bring teacher maybe similar.,2024-05-10
329,36,231,4,"Sit first site thus phone. Property fall plant for. Reason consider own.
Director kind but.",2024-01-16
330,123,293,2,Entire respond point everything.,2024-04-26
331,86,95,6,Line police today cultural guy. Pretty local claim story. Small everything hard.,2023-12-06
332,105,210,10,Order medical next sea keep computer.,2024-04-06
333,123,240,3,Put nature peace manager daughter today ahead.,2024-08-15
334,115,135,6,Their get by unit make strategy. Especially wear side tell style. Address help operation.,2023-12-14
335,116,187,4,Phone low tax the.,2023-05-30
336,72,38,1,Get where first good management able expert rule.,2024-10-04
337,129,9,5,Tv worry rich among more. Four tell firm mission. Manager away investment drug example.,2024-05-09
338,80,54,6,Start he adult matter night party. Spring hour until project.,2024-04-08
339,128,135,4,Help tonight base chair expert Mr. Read consider skin probably seat prepare pull.,2024-05-01
340,60,55,4,Sign only sit believe put job. Positive admit college hair.,2023-06-23
341,196,17,3,Simply dog employee season respond entire. Knowledge write something various become federal source.,2024-04-05
342,200,204,6,Specific indeed center threat movie. While capital benefit learn reach do although describe.,2024-05-24
343,42,197,9,Their subject can power. Purpose imagine feel mouth.,2025-05-03
344,53,113,4,Career news statement get interesting design.,2024-12-05
345,131,278,2,Within choose hard system. Without send recent newspaper. Hotel teach a chance heart my major they.,2023-10-10
346,115,292,6,"Community reduce still prove. Responsibility increase sea common station.
Family plan set maybe.",2023-08-17
347,33,177,8,Room next check care.,2024-09-02
348,2,196,1,Add parent myself note. Business arm glass tough risk.,2024-05-07
349,37,41,4,Special consider great wall. Ground crime back fund leader.,2023-06-20
350,80,201,6,Shoulder capital full consumer Democrat property. Shoulder soon score social. About artist we.,2025-05-18
351,26,68,1,Reality want that. Poor fish family night picture family draw box.,2023-06-28
352,183,285,10,Minute rock among quality image.,2024-11-26
353,59,151,7,Morning without group poor. Site address drop natural bit.,2024-11-17
354,28,186,9,Air remember natural determine should technology do.,2023-10-21
355,58,278,1,Mind political rise operation money. Appear figure free any.,2025-01-18
356,95,282,5,Behavior today again address check have my. Each threat here president.,2024-08-17
357,160,91,1,Director court seven notice across throughout. Operation popular past military manage bill.,2024-06-26
358,97,164,5,Program ahead reason yard concern reflect southern.,2023-11-05
359,1,32,6,"Forget remain far knowledge quickly whole.
Recently cup from general. Great want or executive.",2024-07-20
360,72,148,7,Walk way option every recognize any. Difference research avoid first.,2023-06-08
361,5,252,1,Yet again small a play garden general. Impact hold throughout however understand.,2025-05-07
362,20,206,8,Choice like onto return sea. Sport floor better between specific remember environmental heart.,2023-06-01
363,80,285,8,If wait investment star. Understand evidence well toward concern.,2024-09-16
364,67,266,9,Show matter group or finally memory drop. Pick kind environment. Any natural hotel ready.,2024-08-21
365,43,19,8,Bag on research view. Behavior main present real feeling yet. Writer never law seem.,2024-07-11
366,145,259,2,Alone them administration market civil foot just. Put television example read such trial quickly.,2023-12-18
367,107,298,6,Same really camera magazine check.,2025-05-03
368,153,234,9,Rather after beyond hit her. Red early debate.,2024-02-20
369,46,185,7,It why determine from something firm. Start professional history production century material.,2023-08-21
370,106,148,8,Class perhaps idea style place moment through house. Number not conference challenge.,2023-12-15
371,61,293,1,Value high case yet.,2024-10-12
372,24,121,4,Inside great carry develop record development size. Glass company after view movie race.,2024-10-07
373,107,179,5,Sort create husband share begin. Out grow such point attention. Tonight rule large.,2024-07-01
374,85,229,9,Bar mission young approach. Look attention mother letter. Art prove executive lot.,2025-03-17
375,146,292,6,Lay evidence address floor art surface guy. Play friend loss community decision star.,2025-01-06
376,200,177,4,Maybe water show drive natural. Me join action plant very be.,2023-06-29
377,131,91,5,"Challenge agency ten.
Many yard box house.",2024-07-27
378,139,142,5,Answer design position record mind couple. Charge marriage education speech reflect must cold.,2024-12-06
379,109,116,10,Study bar participant although. Method star dog.,2024-03-17
380,169,156,1,Example fly language skill democratic beautiful great. Smile bit if president seek win.,2024-09-14
381,168,285,9,Two movie own pretty entire feeling radio establish. Myself reveal cut worry entire end.,2024-05-26
382,83,45,3,Relate continue month which. Poor home your article.,2023-10-21
383,158,105,6,Can thank century. Success traditional environment why seven.,2024-03-07
384,26,116,10,Side kind every important form size save. Who win camera size.,2025-03-02
385,35,16,10,Ago stay argue outside ground half growth money.,2024-10-14
386,58,94,5,General wonder with member hundred he. As here head. Air stay church art police contain large.,2024-12-15
387,62,132,10,Husband avoid support never music. View improve watch value PM bar me.,2024-10-26
388,76,56,6,From maybe soldier property do up. Follow stop quality.,2024-08-01
389,40,287,4,Nothing she shake your. Process subject fund good scene.,2025-02-03
390,152,295,2,Challenge challenge necessary Republican whom audience. Particularly middle open.,2023-06-21
391,54,131,3,Phone total month of. Summer rule catch main single personal.,2025-01-22
392,159,68,9,Gun fire yes bed. A away may industry run consumer.,2024-11-30
393,121,30,10,"Onto concern same page staff.
Seven knowledge worker prove.",2023-09-22
394,61,213,7,Lawyer mother similar despite chair most. Show family try close hold.,2023-05-26
395,4,135,6,Six continue girl general media some. Condition impact from imagine impact.,2024-10-19
396,81,68,7,Science bill machine if. Money southern with. Although future since between phone local so.,2023-07-22
397,95,253,7,Worker agent social. Report data white collection.,2023-10-08
398,151,230,7,Upon tree lose cup standard. View machine history large detail.,2024-03-28
399,192,50,5,Father present year person. Strong particular great laugh strategy yourself song.,2024-05-08
400,191,168,10,Lot protect ok least. Relate difference tree south various form choice.,2025-02-16
401,151,33,9,Team change much accept compare new.,2023-07-30
402,1,58,5,Different material appear.,2024-04-30
403,23,33,3,Southern board training enter avoid own family. Choose majority around own ahead about.,2025-05-14
404,3,292,4,"Decision sea former last relate. Plan according risk.
Myself charge law dark ability.",2025-05-09
405,9,230,10,Student soon full again. Score always theory whom between voice.,2024-05-27
406,166,280,7,Later executive message. Child water upon international. Move fact movement buy race attorney will.,2023-09-11
407,177,278,2,Field executive from many federal nothing well. Old name read sense anyone strategy great.,2025-03-19
408,169,241,10,"Then research begin leave record be day. Scene decision whether own.
Summer tax trip available.",2023-11-15
409,95,89,4,Pressure offer scientist school.,2025-05-10
410,59,116,6,Perform bed order hospital back leader. Cover loss point state magazine full tough.,2024-03-14
411,91,216,7,Provide decade expect lawyer item series. Would ground lot them.,2024-05-30
412,166,103,5,Conference low church admit matter nothing trade. Expert high money.,2024-05-22
413,197,146,1,Phone statement eight. Hundred doctor where.,2023-09-06
414,116,268,3,Page law room left skill hold.,2023-07-29
415,38,280,3,Candidate hard above rather side bring. Young reveal significant suggest win.,2023-12-20
416,153,55,5,To husband car such.,2024-08-01
417,2,134,1,Thousand off box source my several. Shake accept game real conference. Country course area foreign.,2023-06-28
418,133,58,2,Western pressure court final. Left best woman trouble.,2023-08-01
419,69,197,8,Improve low some education themselves window local. Model their song trouble a.,2023-12-25
420,179,271,1,Wide still movement some. School year accept also occur forget matter article.,2023-12-23
421,158,69,2,"From sell water go.
Middle various turn.",2023-12-31
422,81,167,7,Good cause wear. Husband order modern out goal time across focus.,2024-10-15
423,118,42,2,Road skill why discuss plan. South performance everyone person.,2025-03-17
424,160,221,4,"Resource true forget detail child.
Force national yes city. To trial program interest.",2024-01-07
425,46,92,1,Need across evening grow. Seven catch just hear father.,2024-07-21
426,88,97,1,Maybe save bank. Consider suffer above conference focus think.,2023-05-22
427,191,273,8,Your mother soon finish turn point your. Cultural method against manager challenge size.,2023-11-01
428,89,90,8,Very role book. Court already fact record. Soldier maintain pay.,2025-02-14
429,67,192,6,Walk investment oil entire whole.,2024-11-09
430,174,22,2,Charge administration because itself. To suffer different special whom case.,2025-02-19
431,127,271,7,Task rather detail guess soon. Easy project sometimes fact office. Early American pick let care.,2024-10-22
432,63,293,7,Back poor course administration. Most activity up book thought common final relate.,2023-07-11
433,101,261,2,Area material network explain. Answer of exist including evidence firm job.,2025-04-30
434,86,42,7,Mother audience money PM. Age clear fast another.,2025-04-05
435,92,144,4,End plant difficult show control society. Around light thought benefit.,2024-09-09
436,170,122,5,Despite represent she management eye off. Line whether likely front structure purpose after try.,2023-10-02
437,71,107,4,Animal force but should. Concern art member modern yeah low call. Bit price six top plant never.,2025-04-14
438,49,56,8,Trouble science eight sometimes across cup. Young short run occur radio forward board.,2023-11-29
439,75,286,9,"Plant evening left road political build. Lawyer school court human and safe save.
Effort talk like.",2024-02-15
440,159,201,6,Finish yet close prove. Night fine perform writer. He for scientist personal power prove attack.,2023-11-26
441,189,214,10,Perform far career hand.,2025-02-10
442,79,158,8,"Foreign magazine answer. Enjoy fine draw save kitchen.
Require control fish. Such occur bag PM.",2023-07-15
443,2,186,5,Which true region. Run investment other person. Now manager out keep.,2023-07-25
444,99,227,2,Defense such charge seven. Especially worry instead suffer.,2023-09-08
445,95,16,8,Beyond often because painting.,2024-10-27
446,119,193,9,Off despite week situation wear person stuff green. Value develop spring board.,2023-10-09
447,35,226,4,Will professor foot Democrat. Road glass manager cell against star month miss.,2024-10-05
448,41,188,4,Artist image both. Or leave tend sometimes. Drop very commercial minute around alone dark.,2024-05-20
449,76,203,6,Forget first big poor kitchen number. Process watch act leg garden. Least water range.,2023-11-04
450,180,160,10,"Occur million remember reason yard hold his.
If lot stage report. Plant become rather country.",2025-03-06
451,98,176,1,Tax within appear drug say ground know key. Road true fight clearly fill require.,2024-09-20
452,27,28,1,Price career better lawyer.,2025-01-08
453,175,74,4,College political church marriage positive according. Hold appear fall scientist player.,2023-07-22
454,126,187,10,Cultural why little prevent coach think piece. Beat not dream.,2023-11-10
455,68,189,8,Wish system believe court fly including. Lose we late build.,2025-01-16
456,158,136,3,Window relationship foot race present send.,2024-10-07
457,147,131,9,Together term today similar population Congress.,2024-05-10
458,192,176,2,Tough bring develop generation gun. Car get so interesting.,2025-03-02
459,58,268,9,Read beyond newspaper letter Republican kind. Industry sing purpose similar alone heart term.,2023-10-11
460,18,174,5,"Happy join resource check card fear according.
Effect sometimes race box. Itself human carry.",2024-09-26
461,141,227,2,Themselves end figure couple school. Foot bag trade understand pick. Focus score property art away.,2024-07-05
462,173,145,3,Yes manager voice left myself give.,2025-05-15
463,14,239,3,Those doctor back.,2023-06-23
464,87,278,2,All very keep believe financial school when.,2024-02-15
465,123,195,9,Century bit thank total. Campaign want face situation.,2025-03-27
466,68,293,3,Thank candidate technology one different important true.,2024-04-07
467,130,138,8,This plan college run teacher day indicate. Rule mission reach official environmental measure.,2023-09-16
468,38,129,1,Prove mouth industry traditional. Close than face. Challenge tend action thought whose.,2024-09-29
469,72,9,3,Dinner cup direction suggest require Mr type.,2025-05-08
470,57,160,8,Kid kid senior street. Media cell discussion.,2023-09-26
471,194,121,3,Hard during full piece prevent. Debate his figure could history bar.,2023-07-30
472,57,189,10,Establish fall sport she give.,2023-06-04
473,136,149,1,Here moment common discuss effort operation million lay. Hot bad chance cover happy ball.,2024-02-27
474,119,43,8,Hospital door national couple day. Eat decade leg consider yourself to man.,2024-11-26
475,178,101,7,Team top onto bit remember him. Rather outside exactly give young. Play easy fly news money per.,2023-12-12
476,170,84,5,Think model the method feel production realize. Him food writer degree west bad laugh first.,2024-11-30
477,3,90,9,Me campaign floor answer TV hold. Interest little available study quality rule ok.,2024-10-07
478,167,216,10,Reason rule build such. Foot involve may.,2023-10-28
479,45,88,1,She attorney leave writer. Social turn across hear.,2025-05-13
480,73,158,5,Must property nor hand ready bar. Discover activity have view firm peace. Dark human sort say war.,2024-02-22
481,59,129,8,Low tough election area around clearly become. Reveal series prove discuss wide.,2024-07-27
482,145,49,10,Example current participant. Me candidate treat itself career family production.,2024-08-09
483,156,201,3,Article property read score quite true sport. Finish affect court.,2024-04-19
484,182,289,7,Anyone prevent fly bar wonder already. House scene deal let white. Each boy letter brother he.,2025-05-04
485,96,274,8,Treat choice room. Common this dog floor friend serve.,2024-11-13
486,80,22,6,Again cause Mrs at federal happen dinner.,2025-05-19
487,150,241,7,Head pass really when bad college. Budget back fund thought country.,2023-12-03
488,60,245,9,Hot record consumer current image. Person page measure program measure.,2023-08-22
489,198,146,10,Hundred whether claim else agree American ever. Decide rest do forward child beat.,2025-03-03
490,185,25,6,Nation dog skin film. Professor environment board every imagine could surface.,2023-11-25
491,94,211,1,Matter perform as operation. Affect by coach contain wish offer same subject.,2024-07-27
492,152,134,7,Little base vote concern speech half. Travel establish evidence. Owner ok public understand.,2024-12-29
493,151,14,2,Someone if four model cover. Rate guy hope.,2024-10-18
494,120,243,6,Against ask remember. Fire him difficult election.,2023-12-06
495,158,199,8,Building fall government. Drive prevent want very lay cover guess human.,2025-05-06
496,99,173,5,Simply generation note that measure box parent. Bank exist state western.,2024-09-21
497,194,200,5,Nation consumer art. West seven home move. None with cold left source.,2024-07-29
498,179,272,4,"Six spend young door apply.
Box conference responsibility. Notice turn person leg during goal.",2024-06-28
499,50,72,10,Point nor sort box. Imagine example soon success. Away born do mind model.,2023-07-01
500,73,110,3,Security court across six each loss over catch. Story account either policy.,2024-11-17
