user_id,first_name,last_name,email,country,registered_on
1,Robert,Tucker,jefferyruiz@gmail.com,Uganda,2023-04-27
2,Brandon,Clarke,uthompson@smith-mclaughlin.com,Costa Rica,2022-07-09
3,Jasmine,Guzman,matthew51@hotmail.com,Ukraine,2023-06-28
4,Austin,Bowers,lyonschristopher@parker.com,Austria,2024-08-24
5,Michael,Turner,andrewlopez@hotmail.com,Liechtenstein,2024-08-12
6,Anne,Murphy,tking@yahoo.com,Malawi,2023-04-24
7,Sandra,Hernandez,jamesking@thompson.com,Tajikistan,2023-04-11
8,Tony,Jefferson,jamesromero@gmail.com,Afghanistan,2023-04-11
9,Steven,Howe,juliesmith@burgess-sandoval.org,Costa Rica,2025-04-01
10,Julia,Goodman,ortizdalton@murray-reyes.org,Palau,2024-06-27
11,Chad,Wolfe,donna93@yahoo.com,Palau,2024-10-06
12,Felicia,Campbell,vwilliams@hotmail.com,Kiribati,2024-05-26
13,Michelle,Bass,theresahinton@johnson.net,Korea,2024-01-31
14,Olivia,Smith,taylorpaula@hotmail.com,Zambia,2024-12-02
15,Michael,Williams,reneewhite@yahoo.com,Faroe Islands,2022-07-21
16,Angel,Johnson,callahankaren@todd-strickland.com,Libyan Arab Jamahiriya,2023-09-16
17,Dustin,Jones,lisajohnson@gmail.com,Myanmar,2024-06-02
18,Susan,Fry,imedina@rodgers.net,Cook Islands,2024-03-16
19,Sonia,Miller,benjamin55@gmail.com,Moldova,2023-01-01
20,Nicole,Christensen,uowens@cox-wright.com,Burundi,2023-08-03
21,John,Tyler,westmichael@hotmail.com,Australia,2024-06-16
22,Ricky,Morris,shawkristin@hotmail.com,Puerto Rico,2023-07-28
23,Anthony,Williams,sheenamartinez@matthews.com,Mauritania,2023-09-18
24,Elaine,Jordan,morsemichael@jackson-perez.net,Nicaragua,2024-12-09
25,Nicole,Manning,qmartin@lucas-anderson.com,Italy,2024-03-02
26,Kevin,Barnes,hshannon@yahoo.com,Bouvet Island (Bouvetoya),2024-06-25
27,Courtney,Barr,nperez@williams.com,Senegal,2023-06-19
28,Tammie,Bennett,luiswarren@perkins.com,Portugal,2023-09-15
29,Kimberly,Garza,stevenstrickland@yahoo.com,Costa Rica,2023-08-21
30,Stephanie,Mcdaniel,vickiechan@baker.com,Benin,2024-02-27
31,David,Robinson,sean43@gmail.com,Martinique,2022-09-14
32,Allen,Townsend,heatherjohnson@perry-farrell.com,Equatorial Guinea,2024-08-12
33,Andrew,Vargas,douglas36@yahoo.com,Mayotte,2025-04-30
34,Christopher,Sexton,xowens@hotmail.com,Solomon Islands,2025-05-10
35,Sabrina,Lane,joseph45@thompson.com,Serbia,2023-07-05
36,Deborah,Bond,jeffreybeard@yahoo.com,Micronesia,2025-04-08
37,Cynthia,Roberts,mendeztracy@riggs.biz,Guinea,2023-06-02
38,Daniel,Sanchez,joshuacasey@francis-hall.com,Christmas Island,2024-12-05
39,Debra,Powell,toddhampton@gmail.com,Singapore,2024-12-24
40,Kayla,Sanchez,stephanie26@gonzales-richard.info,Afghanistan,2022-07-24
41,Jason,Williamson,barbarajohnson@davis.com,Nicaragua,2025-04-23
42,Lawrence,Baker,martinezjose@collins.biz,Bermuda,2022-07-02
43,Paul,Moreno,davidball@yahoo.com,Zambia,2023-08-22
44,John,Espinoza,isaacwhite@hotmail.com,Congo,2025-01-03
45,Amanda,Martinez,scottjason@yahoo.com,Cape Verde,2022-11-03
46,Jason,Stanley,allisongray@flores.com,Bahrain,2023-01-27
47,Ross,Caldwell,hbrady@love.org,Zimbabwe,2023-08-16
48,Abigail,Stevens,adam85@yahoo.com,Iceland,2024-09-17
49,Ryan,Francis,kmartinez@harris.com,Papua New Guinea,2022-07-21
50,Joseph,Bell,ebender@hotmail.com,Trinidad and Tobago,2023-11-09
51,Kathryn,Long,carterdebbie@gmail.com,Gambia,2022-06-20
52,Monica,Miller,robertsontommy@gmail.com,Nauru,2023-04-04
53,Kylie,Hernandez,tony25@cunningham.com,Bangladesh,2023-06-26
54,Brandon,Warner,zsandoval@moore.biz,Pakistan,2023-01-26
55,Jonathan,Hamilton,chickman@hotmail.com,Korea,2023-05-06
56,Marilyn,Miller,twalton@hotmail.com,El Salvador,2023-11-21
57,Christina,Gregory,dcowan@hotmail.com,Bolivia,2024-10-28
58,David,Garcia,nmontgomery@fields-james.com,Iraq,2022-06-01
59,Christine,Shields,latoya63@gmail.com,Brunei Darussalam,2025-04-29
60,Brandon,Byrd,josephwarren@george.com,Denmark,2023-04-01
61,Kimberly,Scott,brandontaylor@hotmail.com,French Polynesia,2024-03-02
62,Ryan,Hess,santiagodouglas@fields.net,Liberia,2025-01-26
63,Juan,Kelly,hparks@yahoo.com,Grenada,2023-03-11
64,Jill,Miller,troy27@hotmail.com,Syrian Arab Republic,2023-04-17
65,Anthony,Marshall,grahamkelly@wilson.biz,Anguilla,2024-10-22
66,Debra,Bender,rachel76@bullock-smith.net,Armenia,2025-05-18
67,Christopher,Roberts,rebeccawade@yahoo.com,Lao People's Democratic Republic,2023-06-03
68,William,Carter,patricia94@strickland.net,Colombia,2024-04-09
69,Courtney,Thomas,watsonstephanie@trujillo.com,Afghanistan,2023-11-06
70,Destiny,Reeves,shanemartin@butler-poole.com,Russian Federation,2023-05-28
71,Michele,Singleton,gutierrezcarrie@hall.com,Colombia,2023-09-25
72,Jacob,Marquez,kellylivingston@vincent-perry.org,Lesotho,2023-02-25
73,David,Smith,lynn39@moore.com,Seychelles,2023-05-19
74,Marissa,Knox,mcampbell@yahoo.com,Botswana,2023-03-10
75,Brian,Edwards,kari37@macias.com,Guernsey,2024-02-05
76,Trevor,Mclean,brandycummings@lopez.com,Australia,2023-01-11
77,Michele,Cruz,nharrison@hotmail.com,Afghanistan,2023-01-05
78,Abigail,Villanueva,brodriguez@yahoo.com,Cyprus,2025-01-31
79,Robert,Martinez,glennlindsey@yahoo.com,Egypt,2024-12-24
80,Miranda,Montgomery,lisa38@jones.com,Iran,2024-06-08
81,Sierra,Whitehead,meghanparker@gmail.com,Gambia,2024-11-06
82,Daniel,Ramirez,crystalreed@gmail.com,China,2024-10-26
83,Garrett,Stevens,bschultz@gmail.com,Canada,2024-04-18
84,Sean,Velez,michaelarroyo@ortega.com,Costa Rica,2024-02-12
85,Dale,Carlson,thomasdouglas@benson.biz,Kenya,2024-01-09
86,Mitchell,Williams,jamesdavis@kelley.com,Panama,2022-07-19
87,Jeanette,Griffin,michael22@atkinson-clay.com,New Zealand,2023-10-07
88,Kimberly,Yates,lespinoza@yahoo.com,Jordan,2024-08-12
89,Brian,Mckinney,walshbrittany@yahoo.com,Reunion,2024-11-04
90,Emily,Bryan,imedina@yahoo.com,Spain,2024-05-31
91,Nicole,Harmon,yatessteven@yahoo.com,Moldova,2023-07-03
92,Heather,Kelley,montoyadonald@gmail.com,Mali,2023-10-13
93,Jennifer,Hurley,tara52@gmail.com,Anguilla,2025-01-15
94,Austin,Harris,richardsonsandra@hotmail.com,Marshall Islands,2025-04-29
95,Stacey,Lopez,boltontimothy@washington.com,Haiti,2023-09-20
96,Jonathan,Martinez,angela20@gmail.com,Barbados,2024-08-17
97,Terri,Sparks,david95@gmail.com,Zambia,2025-04-24
98,Dawn,Martinez,jennifer41@hotmail.com,Palau,2025-05-16
99,David,Boyle,gramsey@thompson.info,Nepal,2025-03-12
100,Julie,Smith,justinroth@yahoo.com,Djibouti,2022-09-25
101,David,Hill,williambrown@gmail.com,Czech Republic,2023-01-08
102,Audrey,Franklin,lmelendez@smith-schultz.info,Aruba,2022-11-19
103,Daniel,Harris,manningjenna@yahoo.com,Ireland,2022-10-28
104,Juan,Garcia,hineslori@kelly-krause.com,Colombia,2023-06-04
105,Robert,Castro,poncesteven@gmail.com,Norway,2023-11-25
106,Amber,Ramos,brookeross@hotmail.com,Philippines,2023-12-09
107,William,Brown,jordanpaige@yahoo.com,Ethiopia,2023-04-05
108,Christopher,Dawson,millershannon@jones.info,Syrian Arab Republic,2024-08-24
109,Nicholas,Gibson,xsanchez@russell.biz,Mozambique,2024-07-29
110,Angela,Mills,wardmichelle@morgan-davies.org,Sri Lanka,2023-03-08
111,Julie,Elliott,qmcneil@martin.org,Burkina Faso,2024-06-17
112,Jonathon,Thomas,lisarobinson@rodriguez-espinoza.biz,Slovakia (Slovak Republic),2022-11-11
113,Katherine,Anderson,mshaw@yahoo.com,Turks and Caicos Islands,2024-02-13
114,Carl,Ortiz,dorothy14@miller-dunlap.com,Qatar,2024-10-28
115,Heidi,Thompson,guzmanmike@gmail.com,Finland,2024-02-08
116,Donald,Jackson,taylormichael@nelson-bullock.org,French Southern Territories,2024-03-14
117,Ernest,Green,jeremiah55@fowler.info,Svalbard & Jan Mayen Islands,2022-10-09
118,Christopher,Robinson,rowetanya@clark.biz,Hungary,2024-01-04
119,Carmen,Rhodes,esteswendy@wagner.biz,Equatorial Guinea,2025-02-22
120,Larry,Watkins,sonyakhan@ball-moore.info,Malawi,2024-03-25
121,Ashley,Griffin,jasondavis@hotmail.com,Congo,2023-01-23
122,Michele,Hooper,rpalmer@gmail.com,Saint Kitts and Nevis,2023-11-09
123,William,Booker,kellylevine@gmail.com,Saint Kitts and Nevis,2024-09-02
124,Lisa,Atkins,katelyn62@gmail.com,Poland,2024-02-26
125,Dennis,Bates,sean45@lang.com,Libyan Arab Jamahiriya,2025-01-26
126,Henry,Brewer,rebeccagaines@stewart.net,Mauritius,2024-06-25
127,Richard,Russo,johngarcia@grant.biz,Turks and Caicos Islands,2023-03-03
128,Sarah,Mccoy,laura30@johnson.com,Togo,2023-02-16
129,Michelle,Clark,marygay@yahoo.com,Portugal,2024-05-02
130,Jessica,Santiago,vincentmcdowell@yahoo.com,Slovenia,2023-08-18
131,Paul,Pittman,garrett51@lopez.net,Cameroon,2022-12-30
132,Megan,Miller,jonathan51@montes-pearson.info,French Polynesia,2022-09-30
133,Rachel,Burgess,victorjenkins@jones-jones.com,Georgia,2024-07-20
134,Daisy,Mcclain,amanda05@gmail.com,Mexico,2023-03-17
135,Nicole,Snyder,jane31@hotmail.com,United States Minor Outlying Islands,2023-08-03
136,Nicholas,Kelly,theresa36@fischer.biz,Turkmenistan,2024-12-09
137,Devin,Morgan,lisa55@yahoo.com,Marshall Islands,2024-01-10
138,William,Harris,kayla44@cunningham.com,Jamaica,2023-11-30
139,William,Calhoun,ebonyglenn@gmail.com,Jordan,2024-10-28
140,Jacqueline,Hunter,ricejennifer@yahoo.com,Nauru,2023-10-14
141,Gary,Parsons,tyrone57@miller.com,Reunion,2023-12-10
142,Jackson,Gray,sheilacannon@gmail.com,Canada,2023-09-13
143,Andrea,Yang,lbrown@gmail.com,Niue,2023-07-15
144,Mercedes,Hardy,egriffin@gmail.com,United Arab Emirates,2024-06-29
145,Dennis,Williams,brittanymartinez@simmons-velez.net,Jersey,2022-09-10
146,Sarah,Wood,reillybeth@hotmail.com,Liechtenstein,2023-11-24
147,Jessica,Banks,ubeasley@baker.net,Palestinian Territory,2022-10-02
148,Lynn,Hardy,ashley14@hotmail.com,Norway,2024-02-23
149,Angela,Hopkins,qholland@hotmail.com,Bangladesh,2022-10-31
150,Amanda,Banks,cindy06@gmail.com,Botswana,2022-12-15
151,Monica,Snyder,lindsay09@hotmail.com,Puerto Rico,2023-09-13
152,Emily,Stein,williamsvalerie@oconnor.com,Albania,2025-02-10
153,Juan,Mitchell,daniellewashington@hendrix-davis.com,Philippines,2023-05-25
154,Anthony,Holmes,mvang@williams.com,Guam,2024-08-17
155,Russell,Gonzalez,julia78@hotmail.com,Guam,2022-06-04
156,Kathryn,Stevenson,steven22@bradley-rodriguez.com,Niger,2024-08-12
157,James,Williams,mary35@flores.biz,Croatia,2022-11-24
158,Christine,Smith,tammie72@robbins-mccarty.com,Bulgaria,2022-06-12
159,Melissa,Tanner,stephanie97@yahoo.com,Armenia,2022-11-07
160,Lucas,Smith,tiffany46@yahoo.com,Syrian Arab Republic,2023-06-28
161,James,Dillon,zhangmarissa@lewis.com,Reunion,2023-02-21
162,Derrick,Collins,cherylkennedy@cobb.biz,Moldova,2023-10-17
163,Teresa,Jones,deanna82@smith-fernandez.net,Anguilla,2023-06-14
164,Ian,Collins,lorirobinson@yahoo.com,Honduras,2024-03-03
165,Chelsey,Alvarez,sandra24@brown.com,Saint Martin,2024-02-24
166,Jason,Carpenter,isingleton@gmail.com,Saint Martin,2023-05-08
167,Sean,Jackson,gonzalezlinda@martin.com,Bolivia,2025-01-15
168,Pamela,Harris,lauriethompson@yahoo.com,Solomon Islands,2024-01-19
169,Bradley,Johnson,fmckinney@harrison.biz,Lithuania,2024-12-26
170,Francisco,Stokes,george64@payne.com,Malawi,2023-10-11
171,Christine,Cannon,nicolegomez@yahoo.com,Serbia,2023-09-16
172,Katherine,Collins,danielbrown@hotmail.com,Saint Barthelemy,2023-12-21
173,Debra,Kim,erin59@mendez.com,Netherlands,2023-05-04
174,Shannon,Watts,laura23@parker.org,Solomon Islands,2023-01-31
175,Helen,Mason,parkercarmen@hotmail.com,Barbados,2022-11-20
176,Ronald,Kennedy,osbornedavid@jones.biz,Uruguay,2025-05-09
177,Sharon,French,royhanson@valentine-mcgrath.com,Cocos (Keeling) Islands,2022-08-09
178,Alexander,Livingston,hickschristina@wu-gutierrez.com,Libyan Arab Jamahiriya,2024-01-28
179,Brandon,Smith,edwardrichard@owen-hoffman.com,Zambia,2024-01-25
180,Brett,Potter,rtaylor@hotmail.com,Solomon Islands,2025-05-12
181,Kelly,Williamson,karl45@gmail.com,Papua New Guinea,2024-02-27
182,Christian,Gardner,xcurry@hotmail.com,Northern Mariana Islands,2023-05-03
183,Ryan,Gutierrez,imorgan@hotmail.com,Finland,2024-08-12
184,Richard,Russell,sheila65@gmail.com,Antarctica (the territory South of 60 deg S),2022-09-16
185,Laura,Bender,zgarcia@garcia.com,San Marino,2024-12-18
186,Laura,Bowman,hyoung@jones.com,Mali,2023-01-09
187,Nathan,Moore,frazierivan@gmail.com,Malawi,2023-08-28
188,Douglas,Townsend,breanna07@yahoo.com,Burundi,2023-08-09
189,Ricardo,Escobar,dawsonnatalie@yahoo.com,Estonia,2023-07-01
190,Cynthia,Smith,brandy29@gmail.com,Syrian Arab Republic,2024-05-29
191,Lisa,Moore,aaroncruz@smith-parks.org,Tonga,2024-09-25
192,Robert,Rodriguez,jacksonrachel@gmail.com,France,2024-02-03
193,Harold,Brown,kevin94@yahoo.com,Russian Federation,2024-08-30
194,James,Williams,ycollins@gmail.com,Yemen,2024-01-10
195,Joseph,George,scarter@yahoo.com,Pitcairn Islands,2022-12-31
196,Elaine,Best,ncox@flores.com,Jamaica,2024-05-10
197,Frances,Wilkins,zrodriguez@gmail.com,Jordan,2024-09-09
198,Jeffery,Ellis,fernandezjane@gmail.com,Guadeloupe,2022-09-18
199,Dustin,Smith,danielgardner@thompson.com,Sudan,2025-01-31
200,Christopher,Zimmerman,john96@gmail.com,Mexico,2024-01-11
